Protocol,Port,Domain,Request Status,Screenshot Path, Source Path
https,443,admin.rosscreations.com,Successful,/home/kali/Desktop/rosscreations.com/recon/final/screenshots/screens/https.admin.rosscreations.com.png,/home/kali/Desktop/rosscreations.com/recon/final/screenshots/source/https.admin.rosscreations.com.txt
https,443,shop.rosscreations.com,Successful,/home/kali/Desktop/rosscreations.com/recon/final/screenshots/screens/https.shop.rosscreations.com.png,/home/kali/Desktop/rosscreations.com/recon/final/screenshots/source/https.shop.rosscreations.com.txt
https,443,video.rosscreations.com,Successful,/home/kali/Desktop/rosscreations.com/recon/final/screenshots/screens/https.video.rosscreations.com.png,/home/kali/Desktop/rosscreations.com/recon/final/screenshots/source/https.video.rosscreations.com.txt
https,443,members.rosscreations.com,Successful,/home/kali/Desktop/rosscreations.com/recon/final/screenshots/screens/https.members.rosscreations.com.png,/home/kali/Desktop/rosscreations.com/recon/final/screenshots/source/https.members.rosscreations.com.txt
https,443,rosscreations.com,Successful,/home/kali/Desktop/rosscreations.com/recon/final/screenshots/screens/https.rosscreations.com.png,/home/kali/Desktop/rosscreations.com/recon/final/screenshots/source/https.rosscreations.com.txt
https,443,www.rosscreations.com,Successful,/home/kali/Desktop/rosscreations.com/recon/final/screenshots/screens/https.www.rosscreations.com.png,/home/kali/Desktop/rosscreations.com/recon/final/screenshots/source/https.www.rosscreations.com.txt